0,1,2,3,4,5
0.0,0.0,0.0,0.0,0.0,0.0
-2.418370662400003,-2.3639511040000003,-2.418370662400003,-2.3639511040000003,-2.273251840000004,-11.363951104
-1.8701440000000018,-1.450240000000004,-1.8701440000000018,-1.450240000000004,-0.7504000000000028,-10.450239999999992
-2.3639511040000003,-2.27325184,-2.3639511040000003,-2.27325184,-2.122086400000004,-11.273251839999995
-2.49619150162493,-2.4975250183718125,-2.49619150162493,-2.497261141946724,-10.321282386084158,-11.197694250209345
0.0,0.0,0.0,0.0,0.0,0.0
-2.49619150162493,-2.4975554838246627,-2.49619150162493,-2.4972735372737667,-11.157610626258391,-11.267989313854242
-2.482368063078398,-2.4878751029410964,-2.482368063078398,-2.4874719201872204,-10.415428533479444,-10.421742069512966
-2.273251840000004,-2.3520357221020642,-2.4067215312208385,-2.358198802512434,-10.524918995216442,-11.039400539631853
-2.470613438464001,-2.4821283686785214,-2.4874349471220736,-2.481526435858809,-10.853102680741518,-10.85885732719733
0.0,0.0,0.0,0.0,0.0,0.0
-2.4510223974400023,-2.4681172080720497,-2.4790138759585516,-2.4689299923238535,-11.084544877186808,-10.607550722154862
-2.4894208378470393,-2.4929330148884548,-2.4894208378470393,-2.4919878208082196,-10.865981927222677,-10.41870007785253
-2.470613438464001,-2.480421179025356,-2.470613438464001,-2.4793847252774897,-10.85887051598245,-10.698951981578329
-2.4894208378470393,-2.4931290928556264,-2.4894208378470393,-2.4926866068416507,-10.43020763562186,-10.533170513735634
0.0,0.0,0.0,0.0,0.0,0.0
5.599999999999993,10.999999999999991,5.599999999999993,10.999999999999991,1.9999999999999922,19.99999999999999
-2.122086400000004,-2.27325184,-2.122086400000004,-2.27325184,-11.273251839999995,-2.3639511040000003
0.41599999999999737,-0.7504000000000028,-1.450240000000004,-0.7504000000000028,-9.750399999999994,-1.450240000000002
-1.8701440000000038,-2.1220864,-1.8701440000000038,-2.1220864,-11.122086399999999,-2.27325184
0.0,0.0,0.0,0.0,0.0,0.0
-2.4510223974400023,-2.418370662400003,-2.418370662400003,-2.3639511040000043,-11.418370662400003,-11.418370662400003
-2.1023519269054685,-1.866830490658696,-1.8690110087495857,-1.450240000000004,-9.898208929847378,-10.647328563573499
-2.418369644083448,-2.3639489569143874,-2.363950868461472,-2.273251840000004,-11.363879095983341,-11.363880238348006
-2.493652502708222,-2.4959505638422668,-2.49607335066574,-2.497589610232818,-11.197926437721751,-11.082740664234562
0.0,0.0,0.0,0.0,0.0,0.0
-2.493652502708222,-2.4960827174074227,-2.495859081127836,-2.4974680690768767,-11.03862996902596,-10.985381627849314
-2.4706134384639964,-2.4813342658162707,-2.481751408570697,-2.488624350873622,-11.116004343941535,-10.763325925496058
-2.3639511040000003,-2.403865889431406,-2.4131071722072592,-2.3639511040000003,-9.76314523122566,-10.129080494456051
-2.482368063078398,-2.4884166709011644,-2.4886781810004406,-2.482368063078398,-10.29878622885482,-10.80073665625224
0.0,0.0,0.0,0.0,0.0,0.0
-2.470613438464001,-2.4796727594869767,-2.481182011234781,-2.470613438464001,-10.975039203934386,-10.528567569464748
-2.482368063078398,-2.4884122296138638,-2.489067475506656,-2.4912483264793615,-11.14948049011479,-11.150712834632296
-2.4510223974400023,-2.4667197651444415,-2.4702729657891735,-2.4798403865272403,-11.229233343716963,-11.248263488175255
-2.482368063078398,-2.488763479219157,-2.48901472053512,-2.4928872926012478,-10.639757245374174,-11.079284006498543
0.0,0.0,0.0,0.0,0.0,0.0
2.3599999999999963,5.599999999999993,5.599999999999993,10.999999999999991,-3.400000000000006,-3.400000000000006
-1.8701440000000038,-2.1055016182763104,-2.0968388506373743,-2.1620021627491135,-9.419660594861169,-7.520749236899473
-0.8558799754943105,-1.227327551480252,-1.3437341475717564,-0.7504000000000028,-6.802939687255801,-7.168314956351857
-1.450240000000004,-1.8636993090481955,-1.865020740252409,-1.9971972722872682,-9.033832785230507,-6.134928162496327
0.0,0.0,0.0,0.0,0.0,0.0
-2.4894208378470393,-2.4930030597010018,-2.4957482798554382,-2.4931892653029153,-11.083488855330495,-11.033281124160865
-2.4183706623999988,-2.4481287189979484,-2.4647140986428653,-2.447860255692345,-10.139717285243448,-10.99903248440003
-2.482368063078398,-2.488809518461686,-2.492034101363639,-2.4883876853089824,-11.293808139665208,-10.978786237242016
-2.470613438463978,-2.4510223974399583,-2.418370662400003,-2.4510223974399925,-11.451022397432833,-11.451022397437475
0.0,0.0,0.0,0.0,0.0,0.0
-2.470613438463126,-2.451022397439759,-2.418370662400003,-2.4510223974397025,-11.45102239743796,-11.451022397419369
-2.339169006480179,-2.2620736659701355,-2.122086400000004,-2.266069261030443,-10.594862896635881,-10.439875232172804
-2.418370662400003,-2.4499080752997933,-2.460231420385594,-2.447824676727558,-11.043705400254963,-10.950907529509458
-2.4894208378470393,-2.4931743323366606,-2.4958905428296654,-2.4934520251741525,-10.980793417735711,-11.401286585169933
0.0,0.0,0.0,0.0,0.0,0.0
-2.4823680630784026,-2.4890187924408096,-2.4925789039436674,-2.4891633748339252,-11.123567193684565,-11.189438515877718
-2.470613438464001,-2.4801974144623498,-2.470613438464001,-2.480935809176264,-10.977244198300523,-10.530725193743061
-2.4183706623999988,-2.4435238366936622,-2.4183706623999988,-2.4470633237503474,-10.687318389319802,-10.82322678222678
-2.470613438464001,-2.4809052022338953,-2.470613438464001,-2.4806172009105008,-11.170470478424063,-11.281112435195885
0.0,0.0,0.0,0.0,0.0,0.0
-1.4584790892941606,-1.8034104879315929,-1.7943774537653203,-1.8014622698107332,-4.969706149470474,-1.9225980160000002
0.415999999754882,2.3599999996753427,5.599999999999993,2.359999999984653,-6.639999999489402,-6.6399999995939565
-1.450240000000005,-1.8548837000611966,-2.0118367005373026,-1.8340803894682323,-6.5917040922153305,-8.611211974073958
-0.7586485486979959,-1.0294965824085582,-1.024845997161145,-1.0288423999871352,-3.5238579868532307,-1.96
0.0,0.0,0.0,0.0,0.0,0.0
-2.493652502708222,-2.4959260726044277,-2.4972999003053005,-2.493652502708222,-11.268732533470041,-11.221999361137033
-2.451022397439998,-2.4695387995374007,-2.480607928097655,-2.451022397439998,-11.00942829703217,-11.248656326935608
-2.4894208378470393,-2.4929271348664703,-2.49553814363556,-2.4894208378470393,-11.065074496717061,-10.861370457969555
-2.4510223974400023,-2.418370662400003,-2.3639511040000043,-2.4510223974400023,-11.418370662400003,-11.41837066239999
0.0,0.0,0.0,0.0,0.0,0.0
-2.4510223974400023,-2.418370662400003,-2.3639511040000043,-2.4510223974400023,-11.418370662400003,-11.418370662400003
-2.2728748073617564,-2.1219106687897336,-1.8701440000000038,-2.272410168995579,-11.120068539005116,-11.10548877106098
-2.4510223974400023,-2.4689633053121067,-2.4789804252240124,-2.4510223974400023,-11.171728850229957,-11.13101082358741
-2.493652502708222,-2.4958578621686955,-2.4974439807507327,-2.493652502708222,-11.029757966777472,-11.1977537644001
0.0,0.0,0.0,0.0,0.0,0.0
-2.4894208378470393,-2.4931759570766068,-2.495411145098443,-2.4894208378470393,-10.71659486087761,-11.193476004502424
-2.4510223974400023,-2.469415157557878,-2.479902408014076,-2.4805269448783798,-11.106399145988565,-11.383587253463638
-2.3639511040000003,-2.41596319607001,-2.446825753050233,-2.449268959859412,-11.124543659811614,-11.274055842997402
-2.4510223974400023,-2.4691245293822432,-2.480653145992457,-2.4794722427259743,-11.275419510293801,-11.135449048795035
0.0,0.0,0.0,0.0,0.0,0.0
-1.8701440000000038,-2.0877167891280504,-2.20327624777397,-1.9192136352457738,-9.228018520622678,-9.208668687478209
2.3599999999999963,5.599999999999993,10.999999999999991,2.3599999999999963,-3.400000000000006,-3.400000000000006
-1.8701440000000038,-2.1220863999998993,-2.2732518399999924,-1.8701440000002294,-11.122086399999969,-11.122086399972911
0.41599999999999737,-0.8559891178145724,-1.3762997868467082,-1.4088562827909132,-8.008394724209825,-7.032057189017688
0.0,0.0,0.0,0.0,0.0,0.0
-2.49619150162493,-2.497503887040433,-2.4974590527156018,-2.49619150162493,-9.67565537786039,-11.087418689065625
-2.4706134384639964,-2.4813118400251746,-2.4796082652961497,-2.4706134384639964,-11.070101915007987,-11.284637174491271
-2.493652502708222,-2.4960173340143252,-2.4954844931169142,-2.493652502708222,-10.315377169826158,-11.154971710055223
-2.418370662400003,-2.3639511040000003,-2.3639511040000003,-2.418370662400003,-2.273251840000004,-11.363951104
0.0,0.0,0.0,0.0,0.0,0.0
-2.418370662400003,-2.3639511040000003,-2.3639511040000003,-2.418370662400003,-2.273251840000004,-11.363951104
-2.1220864,-1.8701440000000018,-1.8701440000000018,-2.1220864,-1.450240000000004,-10.87014399999999
-2.470613438464001,-2.4797083753337157,-2.4793635933171414,-2.470613438464001,-10.858562388492764,-11.132299622627718
-2.49619150162493,-2.4975873245037703,-2.4973260450698396,-2.49619150162493,-11.225326937905201,-11.420081728110102
0.0,0.0,0.0,0.0,0.0,0.0
-2.493652502708222,-2.495692013764829,-2.495849773922244,-2.493652502708222,-11.084655703996646,-10.868537808226753
-2.4706134384639964,-2.4801384038964023,-2.4786895290690674,-2.4706134384639995,-9.292246457354077,-9.860207398915954
-2.4183706623999988,-2.4488968394963733,-2.445641990171842,-2.4183706623999988,-10.927540509848148,-10.149653774208465
-2.470613438464001,-2.4805961521529087,-2.4807582235039622,-2.470613438464001,-9.643727326499851,-11.012266855201501
0.0,0.0,0.0,0.0,0.0,0.0
-2.122086400000004,-2.27325184,-2.27325184,-2.122086400000004,-11.273251839999995,-2.3639511040000003
5.599999999999993,10.999999999999991,10.999999999999991,5.599999999999993,1.9999999999999922,19.99999999999999
-2.122086400000004,-2.27325184,-2.27325184,-2.122086400000004,-11.273251839999995,-2.3639511040000003
-0.7504000000000028,-1.450240000000002,-1.450240000000002,-0.7504000000000028,-10.450239999999992,-1.8701440000000018
0.0,0.0,0.0,0.0,0.0,0.0
-2.4510157906944916,-2.3639511040000043,-2.451019504319573,-2.4183703452434875,-11.418348133667916,-11.418203116304896
-2.1220864,-1.450240000000004,-2.1220864,-1.8701440000000018,-10.87014399999999,-10.87014399999999
-2.418370662400003,-2.273251840000004,-2.418370662400003,-2.3639511040000003,-11.363951104,-11.363951104
-2.493652502708222,-2.497527697065361,-2.493652502708222,-2.496107527323496,-11.4396919922565,-11.364924973351986
0.0,0.0,0.0,0.0,0.0,0.0
-2.493652502708222,-2.4975885701863487,-2.493652502708222,-2.4960636093757924,-11.412299215534746,-11.409028539413326
-2.4706134384639964,-2.4887313013023844,-2.4706134384639964,-2.4821724919032904,-11.285513225039049,-11.287008496784363
-2.122086400000004,-2.3636578582173255,-2.3633077081769014,-2.273243900879658,-11.253579213254492,-11.254631803267982
-2.4510223974400023,-2.482294053237301,-2.4818912717984207,-2.470497017389575,-11.458079682835614,-11.43779068232569
0.0,0.0,0.0,0.0,0.0,0.0
-2.418370662400007,-2.470438778960974,-2.4704553992278453,-2.450859066198796,-11.415050756942822,-11.41875581842408
-2.482368063078398,-2.4932760986065543,-2.482368063078398,-2.4891026985675873,-11.293977022447596,-11.327501057361848
-2.4510223974400023,-2.481430626655742,-2.4510223974400023,-2.4701013545490125,-10.91023673841238,-11.408030876871944
-2.4823680630784026,-2.4933256204953063,-2.482368063078398,-2.4892149610851644,-11.400019963871118,-11.342985822196733
0.0,0.0,0.0,0.0,0.0,0.0
2.3599999999999963,10.999999999999991,2.3599999999999963,5.599999999999993,-3.400000000000006,-3.400000000000006
-1.8701440000000038,-2.27325184,-1.8701440000000038,-2.1220864,-11.122086399999999,-11.122086399999999
2.3599999999999963,-0.7504000000000028,-0.7504000000000028,0.41599999999999737,-8.583999999999994,-8.583999999999994
-1.450240000000004,-2.1220864,-1.450240000000004,-1.8701440000000018,-10.87014399999999,-10.87014399999999
0.0,0.0,0.0,0.0,0.0,0.0
-2.470613438464001,-2.418370662400003,-2.4510223974400023,-2.418370662400003,-11.451022397439997,-11.451022397439997
-2.272888997302058,-1.8701708659661693,-2.122053289182417,-1.8701440000000038,-11.11889568424177,-11.114209906352135
-2.4510223974400023,-2.3639511040000043,-2.418370662400003,-2.3639511040000043,-11.418370662400003,-11.418370662400003
-2.4894208378470393,-2.496153341382952,-2.4936071719140425,-2.496158723858268,-11.469910131772822,-11.482021827529548
0.0,0.0,0.0,0.0,0.0,0.0
-2.4894208378470393,-2.4961084926141366,-2.4936461970887462,-2.4961225464071024,-11.483381845921539,-11.46702402864312
-2.451022397439998,-2.482149064904777,-2.470338367995388,-2.4821625706198973,-11.425934011064085,-11.42883288214401
-2.27325184,-2.417432962375535,-2.361193531087712,-2.27325184,-11.247993872763413,-11.237498958872221
-2.470613438464001,-2.4888680166314576,-2.481853607506005,-2.470613438464001,-11.445874444736768,-11.421224785235315
0.0,0.0,0.0,0.0,0.0,0.0
-2.4510223974400023,-2.481953796196517,-2.470098434338726,-2.4510223974400023,-11.41866989267928,-11.375724736329271
-2.470613438464001,-2.489304247815592,-2.4821333483898034,-2.489280776769031,-11.426382555176746,-11.473072162326405
-2.418370662400003,-2.4704835400808256,-2.4502884490368464,-2.469837125184199,-11.383265548924335,-11.42458550324207
-2.470613438464001,-2.48941452747655,-2.4823627313601553,-2.4893976516897496,-11.480381853065946,-11.480986782506646
0.0,0.0,0.0,0.0,0.0,0.0
0.41599999999999737,5.599999999999993,2.3599999999999963,5.599999999999993,-6.640000000000003,-6.640000000000003
-1.450240000000004,-2.0971448731244178,-1.8704517575212911,-2.112099051734051,-10.813058823074641,-10.622477321659886
0.41599999999999737,-1.4088391254698116,-0.7810994055145792,0.2898785773532312,-9.532828353686106,-8.579179590567303
-0.7504000000000028,-1.8668440164644025,-1.4585469525989438,-1.8551854101863008,-9.901505249608277,-10.312621436496546
0.0,0.0,0.0,0.0,0.0,0.0
-2.482368063078398,-2.4935513137652645,-2.4935924873385584,-2.489388842048843,-11.4568956159967,-11.449119291361466
-2.3639511040000003,-2.451022288834828,-2.451020935201233,-2.4183667814195258,-11.418331473758094,-11.418281982089603
-2.470613438464001,-2.489359050620258,-2.489063842914377,-2.482328499150722,-11.477362082958633,-11.460336223323182
-2.4823680630760276,-2.4510223974400023,-2.4510223974400023,-2.470613438463946,-11.470613438419946,-11.470613438397457
0.0,0.0,0.0,0.0,0.0,0.0
-2.48236806307835,-2.4510223974400023,-2.4510223974400023,-2.470613438463917,-11.470613438272878,-11.470613438311247
-2.4183706623928645,-2.273251840000004,-2.27325184,-2.363951103995492,-11.363951103951717,-11.36395110396193
-2.3639511040000043,-2.4509326879491176,-2.4508985121689317,-2.418187573497388,-11.397030963438553,-11.405511624692666
-2.4823680630784026,-2.493652211153595,-2.493652391769328,-2.4894207675315863,-11.488605898582785,-11.488878936585202
0.0,0.0,0.0,0.0,0.0,0.0
-2.470613438464005,-2.4889293834437995,-2.489375377995955,-2.48232424120666,-11.464672864494014,-11.476795566613818
-2.4510223974400023,-2.481244368810321,-2.4510223974400023,-2.4698075481700745,-11.377164173162178,-11.229729553800407
-2.3639511040000003,-2.4464412684998242,-2.3639511040000003,-2.4167785992588664,-11.324458320484258,-11.363796528520387
-2.4510223974400023,-2.482042895566698,-2.4510223974400023,-2.46941879777139,-11.342602824678558,-11.394520865354302
0.0,0.0,0.0,0.0,0.0,0.0
-0.7504000000000028,-1.868214266943929,-1.8261939365296636,-1.4591608258687117,-9.904425359334368,-9.173106623124825
-0.7504000000000008,2.3599999999999963,2.3599999999999963,0.41599999999999737,-8.583999999999994,-8.583999999999994
-0.7504000000000028,-1.862125372577599,-1.8568887359643576,-1.457430674857403,-10.324110957357842,-10.215990587948413
0.41599999999999737,-1.3894701587394018,0.3095995782412625,-0.7704017748670986,-8.80261403437542,-8.97702603915232
0.0,0.0,0.0,0.0,0.0,0.0
-2.4894208378470393,-2.4961719149850796,-2.4960433553315733,-2.4894208378470393,-11.432394366122125,-11.425597433596174
-2.418370662400003,-2.4705782682372854,-2.470446123640834,-2.4183706623999988,-11.442767635119633,-11.446119266831477
-2.482368063078398,-2.4935514955690374,-2.493521025192052,-2.482368063078398,-11.403292046621607,-11.222164944235905
-2.4706084414228053,-2.418370662400003,-2.418370662400003,-2.470613044360797,-11.450427114464372,-11.450534265861831
0.0,0.0,0.0,0.0,0.0,0.0
-2.470609897421263,-2.418370662400003,-2.418370662400003,-2.4706036378073764,-11.450531864510332,-11.450921786773579
-2.3639511040000003,-2.122086400000004,-2.122086400000004,-2.3639511040000003,-11.273251839999888,-11.27325183999998
-2.418370662400003,-2.470491553765668,-2.4702451617816945,-2.418370662400003,-11.383055014071704,-11.414523151956823
-2.4894208378470437,-2.4961885370809465,-2.4961720058046803,-2.4894208378470393,-11.491192278280657,-11.487613384306725
0.0,0.0,0.0,0.0,0.0,0.0
-2.4823680630784026,-2.493573178548057,-2.4935725081036537,-2.4823680630784026,-11.484293848898526,-11.476367577847562
-2.418370662400003,-2.470587353022706,-2.470568995139541,-2.470276724718426,-11.444972313475414,-11.443563120037254
-2.273251840000004,-2.4181507697679097,-2.418001955388013,-2.4182512355328227,-11.357296116332261,-11.358451983109521
-2.418370662400007,-2.4705510382635936,-2.470541516496975,-2.470596991924276,-11.427474719037985,-11.44432760032677
0.0,0.0,0.0,0.0,0.0,0.0
-1.450240000000004,-2.1220864,-2.1220864,-1.450240000000004,-10.87014399999999,-10.87014399999999
0.41599999999999737,5.599999999999993,5.599999999999993,0.41599999999999737,-6.640000000000003,-6.640000000000003
-1.450240000000004,-2.1220864,-2.1220864,-1.450240000000004,-10.87014399999999,-10.87014399999999
2.3599999999999963,-0.7504000000000028,-0.7504000000000028,-0.7504000000000028,-8.583999999999994,-8.583999999999994
0.0,0.0,0.0,0.0,0.0,0.0
-2.493652502708222,-2.4973707927580833,-2.496146606387176,-2.493652502708222,-11.440165634415191,-11.354161772687242
-2.4510223974400023,-2.4815880513954967,-2.4701549066793698,-2.451022397439998,-11.17098338492199,-11.17355672335746
-2.4894208378470393,-2.4955216925841905,-2.493555373403749,-2.4894208378470393,-11.418233443961112,-11.189222755451274
-2.4510120549477845,-2.3639511040000043,-2.4183699486249757,-2.451018051095042,-11.418332538400659,-11.417840777267168
0.0,0.0,0.0,0.0,0.0,0.0
-2.451020975375999,-2.3639511040000043,-2.4183687805441485,-2.451020906537327,-11.418317950300137,-11.418309433376006
-2.27325184,-1.8701440000000038,-2.1220864,-2.27325184,-11.122086399999999,-11.122086399999999
-2.4510223974400023,-2.4809546613397804,-2.470197478528309,-2.4510223974400023,-11.103349459035428,-11.362516093172534
-2.4936525027082266,-2.49739316117073,-2.496154854846037,-2.493652502708222,-11.29621933814298,-11.314284955034676
0.0,0.0,0.0,0.0,0.0,0.0
-2.4894208378470393,-2.496143735429393,-2.493488288310675,-2.4894208378470393,-11.376526087348683,-11.424837152622846
-2.451022397439998,-2.4801743707303654,-2.469830103954851,-2.4510223974400023,-11.35353726795396,-11.339400849439821
-2.3639511040000003,-2.4478862428958763,-2.4162089254487835,-2.3639511040000003,-10.65016601831951,-11.15048610740191
-2.4510223974400023,-2.4808036633140027,-2.468956314401635,-2.4510223974400023,-11.202496667021368,-11.351566665136797
0.0,0.0,0.0,0.0,0.0,0.0
-1.8701440000000038,-2.27325184,-2.1220864,-1.8701440000000038,-11.122086399999999,-11.122086399999999
2.3599999999999963,10.999999999999991,5.599999999999993,2.3599999999999963,-3.400000000000006,-3.400000000000006
-1.8701440016892492,-2.2732518383147307,-2.122086399375514,-1.8701440000000038,-11.122086376840189,-11.122086318407685
0.41599999999999737,-1.450240000000002,-0.7504000000000028,0.41599999999999737,-9.750399999999994,-9.750399999999994
0.0,0.0,0.0,0.0,0.0,0.0
-2.470593869465923,-2.418370662400007,-2.4705125534624344,-2.451003890484018,-11.445515698026034,-11.44837389142089
-2.27325184,-1.8701440000000038,-2.27325184,-2.1220864,-11.122086399999999,-11.122086399999999
-2.4509588472529984,-2.3639511040000043,-2.450994830853836,-2.4183154563802276,-11.413338838278612,-11.410837006720728
-2.49619078875023,-2.496190542223218,-2.4894208378470393,-2.493649234093585,-11.49170025470516,-11.493443092806992
0.0,0.0,0.0,0.0,0.0,0.0
-2.496190307339648,-2.4961902346583553,-2.4894208378470393,-2.493652168993554,-11.493464740766546,-11.493330138399344
-2.4823625563406773,-2.4823669525787273,-2.451022397439998,-2.4706114751693056,-11.469708444149555,-11.46907111000124
-1.8701440000000038,-2.27325184,-2.27325184,-2.122086400000004,-11.122086399999999,-11.122086399999999
-2.418370662400007,-2.470613438464001,-2.470613438464001,-2.4510223974400023,-11.451022397439997,-11.451022397439997
0.0,0.0,0.0,0.0,0.0,0.0
-2.3639511040000043,-2.4510223974400023,-2.4510223974400023,-2.418370662400003,-11.418370662400003,-11.418370662400003
-2.4894118619893035,-2.48941650784748,-2.470613438464001,-2.482365744377615,-11.482089230247679,-11.482286219494432
-2.4706032698828904,-2.4705992434277197,-2.418370662400003,-2.451015283836584,-11.449647631631246,-11.449783686381807
-2.4893818970915946,-2.4894108905112557,-2.470613438464005,-2.4823449467753056,-11.479396652462519,-11.46832383859258
0.0,0.0,0.0,0.0,0.0,0.0
0.41599999999999737,5.599999999999993,0.41599999999999737,2.3599999999999963,-6.640000000000003,-6.640000000000003
-2.1220864,-2.1220864,-1.450240000000004,-1.8701440000000038,-10.87014399999999,-10.87014399999999
5.599999999999993,0.41599999999999737,0.41599999999999737,2.3599999999999963,-6.640000000000003,-6.640000000000003
-1.8701440000000018,-1.8701440000000018,-0.7504000000000028,-1.450240000000004,-10.450239999999992,-10.450239999999992
0.0,0.0,0.0,0.0,0.0,0.0
-2.482368063078398,-2.4510223974400023,-2.482368063078398,-2.4510223974400023,-11.470613438463989,-11.470613438463989
-2.3639511040000003,-2.122086400000004,-2.3639511040000003,-2.122086400000004,-11.273251839999995,-11.27325183999991
-2.470613438464001,-2.418370662400007,-2.470613438464001,-2.418370662400007,-11.451022397439719,-11.451022397439909
-2.493652502480048,-2.4936525022880023,-2.482368063078398,-2.4936525026291925,-11.489420775641248,-11.489420692565611
0.0,0.0,0.0,0.0,0.0,0.0
-2.4936525024678424,-2.493652502417323,-2.482368063078398,-2.493652502678033,-11.489420817781138,-11.48942074234621
-2.4706134380712945,-2.470613438070671,-2.4183706623999988,-2.470613437525472,-11.451022392743488,-11.451022276543922
-2.3639511040000003,-2.3639511040000003,-2.3639511040000003,-2.122086400000004,-11.273251839999995,-11.273251839999991
-2.482368063078398,-2.482368063078398,-2.4823680630784026,-2.4510223974400063,-11.470613438464005,-11.470613438464005
0.0,0.0,0.0,0.0,0.0,0.0
-2.470613438464001,-2.470613438464001,-2.470613438464001,-2.418370662400007,-11.451022397439997,-11.451022397439997
-2.4823680630707363,-2.4823680630053926,-2.4510223974400063,-2.482368063053674,-11.470613272582616,-11.470613307747907
-2.4510223838626,-2.451022381396391,-2.3639511040000043,-2.4510223918360623,-11.41837039381547,-11.418368865188564
-2.482368062919682,-2.4823680629565694,-2.4510223974400063,-2.4823680629837823,-11.470613418778054,-11.47061306655318
0.0,0.0,0.0,0.0,0.0,0.0
-0.7504000000000028,2.3599999999999963,-0.7504000000000028,2.3599999999999963,-8.583999999999994,-8.583999999999994
-1.8701440000000038,-1.8701440000000018,-0.7504000000000028,-1.8701440000000018,-10.450239999999992,-10.450239999999992
-0.7504000000000028,-0.7504000000000028,-0.7504000000000028,2.3599999999999963,-8.583999999999994,-8.583999999999994
-1.450240000000004,-1.450240000000004,0.41599999999999737,-1.450240000000002,-9.750399999999994,-9.750399999999994
0.0,0.0,0.0,0.0,0.0,0.0
-2.4894208378470393,-2.4894208378470353,-2.4894208378470357,-2.470613438464001,-11.482368063075805,-11.482368063077942
-2.4183706623996555,-2.4183706623997065,-2.4183706623999996,-2.273251840000004,-11.363951103957604,-11.363951103999705
-2.482368063078299,-2.482368063078398,-2.482368063078398,-2.4510223974400023,-11.470613438463669,-11.470613438463541
-2.4894208378451794,-2.470613438464001,-2.470613438464001,-2.489420837847018,-11.48236806286882,-11.482368062902879
0.0,0.0,0.0,0.0,0.0,0.0
-2.489420837846292,-2.470613438464001,-2.470613438464001,-2.489420837846544,-11.482368063033928,-11.482368063040852
-2.451022397438213,-2.3639511040000003,-2.3639511040000003,-2.4510223974395084,-11.418370662008071,-11.418370662388902
-2.4183706623996906,-2.418370662399841,-2.41837066239971,-2.273251840000004,-11.363951103999861,-11.363951103994191
-2.48942083784683,-2.489420837840726,-2.4894208378469918,-2.470613438464005,-11.482368063059486,-11.482368063061072
0.0,0.0,0.0,0.0,0.0,0.0
-2.482368063078398,-2.482368063078402,-2.482368063078385,-2.4510223974400063,-11.47061343846359,-11.470613438461761
-2.4706134384639697,-2.47061343846392,-2.418370662400007,-2.470613438463994,-11.451022397438527,-11.451022397432027
-2.418370662399954,-2.4183706623998438,-2.273251840000004,-2.4183706623997216,-11.363951103972006,-11.363951103999538
-2.4706134384639986,-2.4706134384639995,-2.418370662400007,-2.470613438463925,-11.451022397439486,-11.45102239743937
0.0,0.0,0.0,0.0,0.0,0.0
-1.450240000000004,-1.450240000000004,-1.450240000000002,0.41599999999999737,-9.750399999999994,-9.750399999999994
-1.450240000000004,0.41599999999999737,0.41599999999999737,-1.450240000000002,-9.750399999999994,-9.750399999999994
-1.450240000000004,-1.450240000000004,-1.450240000000002,0.41599999999999737,-9.750399999999994,-9.750399999999994
-0.7504000000000028,-0.7504000000000028,2.3599999999999963,-0.7504000000000028,-8.583999999999994,-8.583999999999994
0.0,0.0,0.0,0.0,0.0,0.0
-2.4936525025205123,-2.4936525024640455,-2.493652502006644,-2.482368063078398,-11.489420719264368,-11.489420768205097
-2.451022246993023,-2.451021602147835,-2.4510222176938723,-2.3639511040000043,-11.418366884589082,-11.41835375717822
-2.489420837523363,-2.4894208287906583,-2.489420837698156,-2.470613438464001,-11.482368050320694,-11.482368016252906
-2.4823414194880717,-2.4510223974400023,-2.4510223974400023,-2.4823389400665063,-11.433722715607349,-11.45329477260507
0.0,0.0,0.0,0.0,0.0,0.0
-2.4823223853490974,-2.4510223974400023,-2.4510223974400023,-2.48234112096381,-11.414721501139596,-11.457972343788725
-2.41826721145566,-2.27325184,-2.2732519612270368,-2.4179044420873304,-11.342900900035518,-11.360429316595877
-2.4510223963967106,-2.4510223974226704,-2.4510223967998934,-2.3639511040000043,-11.418370640635677,-11.418370291270495
-2.4936522988297978,-2.4936524972897556,-2.49365248259494,-2.4823680630784066,-11.489392508670221,-11.48941698734641
0.0,0.0,0.0,0.0,0.0,0.0
-2.4894208374190505,-2.48942083700445,-2.489420836838689,-2.470613438464005,-11.482367967874026,-11.482367957899186
-2.3639511040000043,-2.4510223974400023,-2.451022397439998,-2.4510223974400023,-11.418370662400003,-11.41837066239999
-2.122086400000004,-2.3639511040000003,-2.3639511040000003,-2.3639511040000003,-11.273251839999995,-11.273251839999995
-2.3639511040000043,-2.4510223974400023,-2.4510223974400023,-2.4510223974400023,-11.418370662400003,-11.418370662400003
0.0,0.0,0.0,0.0,0.0,0.0
-1.8701440000000018,-1.8701440000000018,-1.8701440000000018,-0.7504000000000028,-10.450239999999992,-10.450239999999992
-0.7504000000000028,2.3599999999999963,2.3599999999999963,-0.7504000000000028,-8.583999999999994,-8.583999999999994
-1.8701440000000018,-1.8701440000000018,-1.8701440000000038,-0.7504000000000028,-10.450239999999992,-10.450239999999992
5.599999999999993,0.41599999999999737,0.41599999999999737,0.41599999999999737,-6.640000000000003,-6.640000000000003
0.0,0.0,0.0,0.0,0.0,0.0
-2.4961803276595496,-2.496186058296466,-2.4936522658951237,-2.4894208378470393,-11.49225489815494,-11.492733177170923
-2.470081160284514,-2.470328247821215,-2.4509223066122514,-2.418370662400003,-11.346523492380397,-11.435134760330484
-2.493650992736381,-2.4936495063630773,-2.4894183549196196,-2.482368063078398,-11.48651621612268,-11.48446388239823
-2.470585934103905,-2.418370662400003,-2.4509795908850323,-2.4705663543856327,-11.42952437215808,-11.438341608642547
0.0,0.0,0.0,0.0,0.0,0.0
-2.470565077645609,-2.418370662400003,-2.4510196677907126,-2.4705829687318372,-11.442739331492763,-11.448437648120368
-2.363840702424431,-2.122086400000004,-2.273207293587589,-2.363894249396901,-11.272716497207213,-11.270438326332192
-2.4706090872816313,-2.4705917980732313,-2.4510103939880574,-2.418370662400007,-11.447417702028922,-11.446569603909873
-2.4961755270728623,-2.496183076933226,-2.493639423667115,-2.4894208378470437,-11.477250676720203,-11.47943609054189
0.0,0.0,0.0,0.0,0.0,0.0
-2.493652067022691,-2.4936507766662155,-2.489416050319683,-2.4823680630784026,-11.482408548183558,-11.488884479374306
-2.4183706623999988,-2.4705026612197227,-2.450789128020333,-2.418370662400003,-11.389327294788755,-11.431553360349326
-2.27325184,-2.417190796472408,-2.3614641066736017,-2.27325184,-11.351315432920014,-11.344218875150176
-2.418370662400003,-2.4704015174945964,-2.4509234563491575,-2.418370662400003,-11.417678426218867,-11.439680382860363
0.0,0.0,0.0,0.0,0.0,0.0
-2.122086389756558,-2.1220863928211045,-1.870143999030376,-1.450240000000004,-10.870143686599611,-10.870141936030269
0.41599999999999737,5.599999999999993,2.3599999999999963,0.41599999999999737,-6.640000000000003,-6.640000000000003
-2.086719907035562,-2.1036480108507574,-1.86775837468219,-1.450240000000004,-9.66495595219839,-9.52794553160631
2.3599488939996744,-0.7503994924622595,0.4159988000247882,2.3599999999999963,-8.583959580134403,-8.583967324618202
0.0,0.0,0.0,0.0,0.0,0.0
-2.481538484302181,-2.4510223974400023,-2.469828706212794,-2.4703020776212643,-11.195132453924291,-11.425220573916253
-2.3518396305704816,-2.1220864,-2.2706733085912183,-2.268917043881355,-11.147624810864247,-11.13174680808295
-2.4694163721254085,-2.418370662400003,-2.4505815913399016,-2.450023834392299,-11.211817002379497,-11.332796624727083
-2.4975998414699188,-2.493652502708222,-2.4961680184767823,-2.4961465998206034,-11.33564665581574,-11.474544985709905
0.0,0.0,0.0,0.0,0.0,0.0
-2.4976755959190795,-2.493652502708222,-2.4961722823090775,-2.4961146122698596,-11.45537576301631,-11.411718722019545
-2.4888676680711237,-2.4706134384639964,-2.4822396036240897,-2.482227593442531,-11.366577901950743,-11.305345762732143
-1.450240000000004,-2.1220864,-1.8701440000000038,-1.8701440000000038,-10.87014399999999,-10.87014399999999
-2.3639511040000043,-2.4510223974400023,-2.418370662400003,-2.418370662400003,-11.418370662400003,-11.418370662400003
0.0,0.0,0.0,0.0,0.0,0.0
-2.273251840000004,-2.418370662400003,-2.3639511040000003,-2.3639511040000003,-11.363951104,-11.363951104
-2.4935117902619504,-2.482368063078398,-2.489213068354185,-2.48934776122154,-11.447788204184855,-11.356690530604814
-2.4818893918158498,-2.4510223974400023,-2.4703106416794154,-2.469825573416604,-11.377328540075137,-11.415593239920867
-2.4935646805249716,-2.4823680630784026,-2.489309095080458,-2.489311797197566,-11.46230230397437,-11.345149314106283
0.0,0.0,0.0,0.0,0.0,0.0
-0.7504000000000028,2.3599999999999963,0.41599999999999737,0.41599999999999737,-8.583999999999994,-8.583999999999994
-2.27325184,-1.8701440000000038,-2.1220864,-2.1220864,-11.122086399999999,-11.122086399999999
10.999999999999991,2.3599999999999963,5.599999999999993,5.599999999999993,-3.400000000000006,-3.400000000000006
-2.1220864,-1.450240000000004,-1.8701440000000038,-1.8701440000000038,-10.87014399999999,-10.87014399999999
0.0,0.0,0.0,0.0,0.0,0.0
-2.4893273106440224,-2.470613438464001,-2.4893925245526893,-2.482341951881278,-11.476905105410724,-11.47090894904198
-2.4173102291337765,-2.273251840000004,-2.4171335240650587,-2.3636500171124735,-11.35258287589878,-11.351490384726358
-2.48229723027197,-2.4510223974400023,-2.4821105348366626,-2.4705054556647927,-11.44886539362183,-11.440807576157066
-2.4961015207343284,-2.4894208378470393,-2.4894208378470393,-2.4934489744061343,-11.246943758863024,-11.224157432819146
0.0,0.0,0.0,0.0,0.0,0.0
-2.4961680856249577,-2.4894208378470393,-2.4894208378470393,-2.493546143462891,-11.442544932681967,-11.471592402024784
-2.481822334706591,-2.451022397439998,-2.451022397439998,-2.4696134421694724,-11.414931037720779,-11.421243341074288
-2.4155439492259374,-2.273251840000004,-2.417963338035595,-2.363504547654486,-11.357347626774985,-11.335020329229597
-2.4894199223671207,-2.470613438464001,-2.4894194562185863,-2.4823665589849004,-11.477955204754922,-11.481607460204442
0.0,0.0,0.0,0.0,0.0,0.0
-2.4820099789960404,-2.4510223974400063,-2.4822227633093825,-2.470467797207466,-11.439955942975477,-11.46029931713595
-2.488813595757828,-2.470613438464001,-2.470613438464001,-2.482213055990798,-11.35383901037821,-11.377133745973042
-2.4698995806870223,-2.418370662400003,-2.4183706623999988,-2.449114852912119,-11.210475955794303,-11.25603788095831
-2.4889870679438335,-2.470613438464001,-2.470613438464001,-2.4814018438748753,-11.352873145397847,-11.240406479102013
0.0,0.0,0.0,0.0,0.0,0.0
-1.4620352360984015,0.41599999999999737,-1.441483408026077,-0.7540972045507179,-9.534088905971544,-9.509684159038217
-1.8696663216853928,-1.450240000000004,-1.4685998532961662,-1.7902590544494519,-9.384259012894425,-8.8141221375437
-1.4636370215514447,0.41599999999999737,-1.3942715025689438,-0.8427612729751854,-7.963429259534222,-8.805252898679367
-1.6095340735989339,-0.7504000000000028,-0.8063356186944546,-1.4196524363574567,-8.700125722744634,-9.033222818192897
0.0,0.0,0.0,0.0,0.0,0.0
-2.4935431542141138,-2.482368063078398,-2.4892529297276837,-2.482368063078398,-11.294010752199421,-11.444935471929828
-2.4494453728060575,-2.3639511040000003,-2.415949065017268,-2.3639511040000003,-11.357200641111154,-11.123610776452399
-2.488773215494914,-2.470613438464001,-2.4820295230996177,-2.470613438464001,-11.266273612164717,-11.421258234478428
-2.4936054924383484,-2.482368063078398,-2.4893314886520628,-2.493614308448757,-11.452657757434501,-11.479156473482185
0.0,0.0,0.0,0.0,0.0,0.0
-2.4935823705044178,-2.482368063078398,-2.489345834692339,-2.4935648328408555,-11.483865820312683,-11.471535915152325
-2.4703803540587703,-2.4183706623999988,-2.450969895186605,-2.4703384574809593,-11.253294080509749,-11.431651833518389
-2.449597904160134,-2.3639511040000003,-2.4165726140588464,-2.3639511040000003,-11.009276492342988,-11.324140566395558
-2.493559431864148,-2.4823680630784026,-2.48913490530944,-2.482368063078398,-11.447776105810789,-11.420186552010627
0.0,0.0,0.0,0.0,0.0,0.0
-2.4888984159161924,-2.470613438464001,-2.482194286588198,-2.470613438464001,-11.419973925836018,-11.389284435731579
-2.481982587984114,-2.4510223974400023,-2.4705627060713984,-2.4818919592813966,-11.437500426583163,-11.386284969554115
-2.4509194353894572,-2.3639511040000003,-2.4183221955244902,-2.4510000323181904,-11.41662548588898,-11.416019347504609
-2.482106326275087,-2.4510223974400023,-2.470544219935052,-2.4820884562212506,-11.4292823482984,-11.456550433027765
0.0,0.0,0.0,0.0,0.0,0.0
-1.6839376143724474,-0.8327785795906031,-1.4287397593902698,-0.7504000000000028,-9.523710175912038,-8.513035361137328
-1.8026373402593445,-0.7504000000000028,-1.43731241319534,-1.7509439154695579,-9.424617164478335,-9.039613991204302
-1.7626740091444357,-0.7504000000000028,-1.422584737636292,-0.8232340472590118,-7.160950273333816,-9.41731750584419
-1.4804911096311122,0.41599999999999737,-0.7960482190141376,-1.4000692269648825,-7.968225871105785,-9.070962022210992
0.0,0.0,0.0,0.0,0.0,0.0
-2.4961558715508985,-2.4894208378470393,-2.496054649558395,-2.493636260865205,-11.44876053035507,-11.44646242701482
-2.469709841112813,-2.418370662400003,-2.4703440826966894,-2.4502892408335954,-11.438193784623172,-11.436954338318836
-2.493640166561035,-2.482368063078398,-2.4935514250527118,-2.4893675925137146,-11.46770698499438,-11.467674989828865
-2.489021845860768,-2.470613438464001,-2.470613438464001,-2.4819153921884225,-11.284644706221858,-11.181506889474543
0.0,0.0,0.0,0.0,0.0,0.0
-2.488572074844723,-2.470613438464001,-2.470613438464001,-2.48180569548672,-11.452933744775493,-11.441759496823758
-2.44092209798154,-2.3639511040000003,-2.3639511040000003,-2.4174414606635755,-11.052756188194426,-11.114728839583375
-2.4698193673860835,-2.418370662400007,-2.470478957355784,-2.4509336506100925,-11.357997292861178,-11.415028999160581
-2.4961669769768813,-2.4894208378470437,-2.4961414224864584,-2.49364065312331,-11.477854774656663,-11.487620216029068
0.0,0.0,0.0,0.0,0.0,0.0
-2.493595401773183,-2.4823680630784026,-2.4935594723533523,-2.4893628032337416,-11.471452529027452,-11.463104200146846
-2.273251840000004,-2.418370662400003,-2.4183706623999988,-2.3639511040000003,-11.363951104,-11.363951104
-1.8701440000000038,-2.27325184,-2.27325184,-2.1220864,-11.122086399999999,-11.122086399999999
-2.273251840000004,-2.418370662400003,-2.418370662400003,-2.3639511040000003,-11.363951104,-11.363951104
0.0,0.0,0.0,0.0,0.0,0.0
-2.1220864,-1.450240000000004,-2.1220864,-1.8701440000000038,-10.87014399999999,-10.87014399999999
-1.450240000000002,0.41599999999999737,0.41599999999999737,-0.7504000000000028,-9.750399999999994,-9.750399999999994
-2.1220864,-1.450240000000004,-2.1220864,-1.8701440000000038,-10.87014399999999,-10.87014399999999
10.999999999999991,2.3599999999999963,2.3599999999999963,5.599999999999993,-3.400000000000006,-3.400000000000006
0.0,0.0,0.0,0.0,0.0,0.0
-2.497567230510321,-2.493652502708222,-2.496136147083198,-2.493652502708222,-11.312486596208664,-11.419367062339575
-2.4818056117148615,-2.4510223974400023,-2.4704530133319964,-2.4510223974400023,-11.247233487124142,-11.058280376361022
-2.496013003385661,-2.4894208378470393,-2.4934040908771857,-2.4894208378470393,-11.425183978439232,-11.36173129186986
-2.4819980210496055,-2.4510223974400023,-2.470469094073802,-2.4821140728740994,-11.354441765510494,-11.43714488935278
0.0,0.0,0.0,0.0,0.0,0.0
-2.482047010759689,-2.4510223974400023,-2.470579892292985,-2.4817983577161864,-11.420894780004502,-11.446579046776815
-2.417346558463566,-2.273251840000004,-2.363537029130392,-2.417411064011337,-11.334490016237286,-11.319763630955539
-2.480927986964571,-2.4510223974400023,-2.4692522177010927,-2.4510223974400023,-11.254516839155567,-11.307505109097153
-2.497551198426662,-2.4936525027082266,-2.496098708763242,-2.4936525027082266,-11.444937490341951,-11.433871822096823
0.0,0.0,0.0,0.0,0.0,0.0
-2.4959269253277583,-2.4894208378470393,-2.4935450227732683,-2.4894208378470393,-11.244904431409346,-11.349427714287705
-2.3639511127968573,-2.4510024441917837,-2.4183352330980785,-2.3639511040000003,-11.41232763078976,-11.373925095653272
-2.122086558458361,-2.3636706553460054,-2.2731628743875025,-2.1220864,-11.268489009120735,-11.259679694387637
-2.3639528843579134,-2.4510156741431577,-2.418349291291552,-2.3639511040000043,-11.415978452585819,-11.407150860642652
0.0,0.0,0.0,0.0,0.0,0.0
-2.1826811887402315,-1.8701440000000038,-2.089836617558458,-1.9016543622135718,-10.584549885000182,-10.285571260762246
-0.7504000000000028,2.3599999999999963,0.41599999999999737,-0.7504000000000008,-8.583999999999994,-8.583999999999994
-2.163987376672775,-1.9099405226956743,-2.051452009400996,-1.8701440000000038,-9.213603383747198,-9.218133988325656
4.9569443067326535,0.33796377296793834,2.2778514793832905,5.599999999999993,-6.312036376672706,-6.276514719839943
0.0,0.0,0.0,0.0,0.0,0.0
-2.4803872185029197,-2.470613438464001,-2.48078747304244,-2.479963201077177,-11.029835393936951,-10.966534852703033
-2.34736001981046,-2.27325184,-2.359249574406334,-2.352896846775817,-10.740523549037373,-10.322482368028465
-2.4675198779892273,-2.4510223974400023,-2.4686053128191743,-2.4683153249244736,-10.60955105132761,-9.673016078464546
-2.4973253721050814,-2.49619150162493,-2.4975009606932717,-2.49726179815953,-10.875911736236791,-11.198155602294118
0.0,0.0,0.0,0.0,0.0,0.0
-2.497028861992486,-2.49619150162493,-2.4972576953605854,-2.4973601723973697,-10.62014068284111,-11.15628972465556
-2.488422390688172,-2.482368063078398,-2.487518001916786,-2.488169182548153,-10.429465316395724,-10.833128993811728
-1.450240000000004,-1.8701440000000018,-1.450240000000004,-1.450240000000004,-0.7504000000000028,-10.450239999999992
-2.3639511040000003,-2.418370662400003,-2.3639511040000003,-2.3639511040000003,-2.273251840000004,-11.363951104
0.0,0.0,0.0,0.0,0.0,0.0
-2.27325184,-2.3639511040000003,-2.27325184,-2.27325184,-2.122086400000004,-11.273251839999995
-2.492576437244892,-2.4894208378470393,-2.4930699195757304,-2.493127083869548,-10.642372617788444,-11.249967147033644
-2.4798950944917357,-2.470613438464001,-2.4773632028209738,-2.4815331292280938,-10.971706698917448,-10.69080853203487
-2.4931860930904657,-2.4894208378470393,-2.493232041360295,-2.4931943300451143,-10.41562017728996,-10.97717809959887
0.0,0.0,0.0,0.0,0.0,0.0
-0.7504000000000028,0.41599999999999737,-0.7504000000000028,-0.7504000000000028,-9.750399999999994,-1.450240000000002
-2.27325184,-2.122086400000004,-2.27325184,-2.27325184,-11.273251839999995,-2.3639511040000003
10.999999999999991,5.599999999999993,10.999999999999991,10.999999999999991,1.9999999999999922,19.99999999999999
-2.1220864,-1.8701440000000038,-2.1220864,-2.1220864,-11.122086399999999,-2.27325184
0.0,0.0,0.0,0.0,0.0,0.0
-2.489127505812625,-2.482368063078398,-2.4918630472512104,-2.4891669131565077,-11.032736542358721,-11.028537538547365
-2.413267065886785,-2.3639511040000003,-2.446626777215213,-2.4150756154588384,-11.010716438548181,-10.655114703381109
-2.4813401054646915,-2.470613438464001,-2.486547521516908,-2.480901048580528,-11.024621423082861,-11.285726640080105
-2.4958884073162526,-2.493652502708222,-2.493652502708222,-2.4957708176580833,-10.161488654018452,-11.08042332496593
0.0,0.0,0.0,0.0,0.0,0.0
-2.4956943830235097,-2.493652502708222,-2.493652502708222,-2.4959738258528135,-10.712805896553698,-9.88789625613613
-2.481420987297331,-2.4706134384639964,-2.4706134384639964,-2.481295336154739,-10.789237747763178,-10.787549289258521
-2.415052144208867,-2.3639511040000003,-2.443447690369807,-2.415684886512685,-11.043395226036514,-10.66064150797612
-2.4892705078067814,-2.482368063078398,-2.491959909317679,-2.489133197347354,-11.262479835145031,-11.14955329494382
0.0,0.0,0.0,0.0,0.0,0.0
-2.4814301087313644,-2.470613438464001,-2.4883819395510924,-2.480369101537082,-10.632698298057703,-10.91854565565805
-2.488514028919228,-2.482368063078398,-2.482368063078398,-2.4886125685616163,-11.159211876933247,-10.922317451401794
-2.4683238160972083,-2.451022397439998,-2.451022397439998,-2.468354101428008,-9.282547568783905,-10.155182899448532
-2.487303360233389,-2.482368063078398,-2.482368063078398,-2.488396572027617,-11.02759130997764,-11.033864674404551
0.0,0.0,0.0,0.0,0.0,0.0
-1.1841409667930858,-0.7627641602473312,-1.3426047177920604,-1.206756831030741,-3.580598732738147,-2.8283485181698467
-1.7028586687120977,-1.6920159360811593,-1.7075437704352918,-1.7011770582942582,-2.852768572943926,-4.334963831619029
-1.2477804625213007,-0.8627371280765375,-1.3246117054305486,-1.250829698408018,-1.9543824783601997,-2.7841771503602
-1.348951995105709,-1.3552804481741054,-1.358365737654521,-1.4313363531747674,-2.8446008743029974,-3.569450612189928
0.0,0.0,0.0,0.0,0.0,0.0
-2.4933703185494416,-2.4894208378470393,-2.492948254949648,-2.4894208378470393,-11.065569103832502,-11.038871681219208
-2.4460236202008088,-2.4183706623999988,-2.4442629315611706,-2.4183706623999988,-10.982331506189178,-10.160060671638329
-2.488505482822618,-2.482368063078398,-2.487897655833824,-2.482368063078398,-10.185994032477858,-10.62704967400952
-2.4932176127584227,-2.4894208378470393,-2.493138992207864,-2.4956592185962165,-10.86263715101161,-11.219870236734968
0.0,0.0,0.0,0.0,0.0,0.0
-2.4932286521250973,-2.4894208378470393,-2.492783742597825,-2.495457041887054,-11.408486199054082,-11.08477482663922
-2.4689766906238915,-2.451022397439998,-2.4683409410534334,-2.4778601228707307,-11.129922862756484,-10.894467065274247
-2.4464993348812256,-2.4183706623999988,-2.4461169815986508,-2.4183706623999988,-9.780311832251906,-9.265250323024373
-2.4925708131372972,-2.4894208378470393,-2.4919711153901734,-2.4894208378470393,-10.035149331644416,-10.382337329847068
0.0,0.0,0.0,0.0,0.0,0.0
-2.4879977410123053,-2.482368063078398,-2.488823114701089,-2.482368063078398,-11.230123596146566,-11.190916346140087
-2.4816814785827286,-2.470613438464001,-2.4814324043311506,-2.4878647684247643,-11.062760417885348,-10.77902999193932
-2.447785791581941,-2.4183706623999988,-2.4486033883593925,-2.4655156763877133,-11.08000643806831,-11.083912290757606
-2.4816668304246936,-2.470613438464001,-2.4799299337291534,-2.4881673671301408,-11.07504217732246,-10.855649059997848
0.0,0.0,0.0,0.0,0.0,0.0
-1.3921137842434923,-1.379760402364933,-1.3931140077641198,-1.3748409909810628,-1.9117600000000001,-4.25589351205191
-1.48153666339589,-1.4516406167813394,-1.4791197875698203,-1.5029425444847795,-1.96,-2.803267766063904
-1.4362697773519872,-1.421637628340004,-1.4391941586894212,-1.4243809479300662,-2.832704131214608,-1.96
-1.198810694149372,-0.7893562989868246,-1.1989926883338182,-1.3153096177897097,-1.96,-1.9060000000000001
0.0,0.0,0.0,0.0,0.0,0.0
-2.4959490558649198,-2.493652502708222,-2.497289163292952,-2.4960342913966675,-11.166381648692074,-11.156095369095338
-2.467488475236568,-2.4510223974400023,-2.4805244781836966,-2.464813744865726,-11.16423994178215,-11.163631703694314
-2.4927275792661843,-2.4894208378470393,-2.495540043330942,-2.4932262814355597,-10.723419789597962,-11.298757383142826
-2.4886020019957753,-2.482368063078398,-2.482368063078398,-2.4885121698337263,-10.051485434404999,-10.921944989314909
0.0,0.0,0.0,0.0,0.0,0.0
-2.488675306804504,-2.482368063078398,-2.482368063078398,-2.488572341014224,-11.111346671110368,-11.18856654573444
-2.4478047926626174,-2.4183706623999988,-2.4183706623999988,-2.4442516478805345,-9.019566563408928,-10.833326367717605
-2.4677806511573817,-2.4510223974400023,-2.4759614384877744,-2.468377257360365,-10.701545785967657,-11.019303951772752
-2.495894531375374,-2.4936525027082266,-2.4972695027761067,-2.4959861445148404,-11.220609237553697,-11.33342501578566
0.0,0.0,0.0,0.0,0.0,0.0
-2.4934284346683278,-2.4894208378470393,-2.495404082249413,-2.493137689055128,-11.268727044496682,-11.277055269245665
-2.27325184,-2.3639511040000003,-2.3639511040000003,-2.27325184,-2.122086400000004,-11.273251839999995
-1.8701440000000018,-2.1220864,-2.1220864,-1.8701440000000018,-1.450240000000004,-10.87014399999999
-2.27325184,-2.3639511040000003,-2.3639511040000003,-2.27325184,-2.122086400000004,-11.273251839999995
0.0,0.0,0.0,0.0,0.0,0.0
-2.1220864,-1.8701440000000038,-2.273251839999385,-2.1220864,-11.122086399999999,-2.27325184
-1.450240000000002,-0.7504000000000028,-0.7504000000000028,-1.450240000000004,-10.450239999999992,-1.8701440000000018
-2.122086400000004,-1.8701440000000038,-2.2732518399998884,-2.122086400000004,-11.122086399999999,-2.27325184
10.999999999999991,5.599999999999993,5.599999999999993,10.999999999999991,1.9999999999999922,19.99999999999999
0.0,0.0,0.0,0.0,0.0,0.0
-2.4974295809779115,-2.49619150162493,-2.497526279123485,-2.49619150162493,-11.115449608817295,-10.929517702420618
-2.481183124626191,-2.470613438464001,-2.480189579234915,-2.470613438464001,-11.147356131019968,-10.706524670503155
-2.4955788995139274,-2.493652502708222,-2.495733269762721,-2.493652502708222,-10.723946306552671,-10.695467932855674
-2.481957647659448,-2.470613438464001,-2.481619513743337,-2.4880217777719813,-10.782817399184394,-11.070096721257366
0.0,0.0,0.0,0.0,0.0,0.0
-2.481518192252446,-2.470613438464001,-2.4813348996616695,-2.4861129368754065,-11.017034217335482,-11.30317332457485
-2.4142248529343533,-2.3639511040000003,-2.4141537319397295,-2.4449591232091663,-11.086212706011224,-11.257358229910894
-2.481310446493657,-2.470613438464001,-2.4814428890988736,-2.470613438464001,-11.021706123713773,-10.84048019628221
-2.4972312054890984,-2.4961915016249345,-2.497430729752548,-2.4961915016249345,-11.32135538987795,-10.867364068735998
0.0,0.0,0.0,0.0,0.0,0.0
-2.495927252452496,-2.493652502708222,-2.4958236023969613,-2.493652502708222,-11.164377463655375,-10.31375372174626
-2.360367205206234,-2.4114807327238963,-2.359958810515123,-2.273251840000004,-11.126124231166777,-10.739846047501363
-2.119406624495379,-2.247135943936344,-2.1122497238677362,-1.8701440000000038,-10.686502786153564,-10.211480177246138
-2.3599381802303903,-2.411718317972476,-2.361345910115141,-2.273251840000004,-11.206423183595629,-11.032718862770196
0.0,0.0,0.0,0.0,0.0,0.0
-2.2365252740536814,-2.1220863999995316,-2.2122427229472095,-2.122086399999527,-8.879556438864723,-8.628763293945065
-0.8370126397333448,0.41599999999999737,-0.8475866896583251,-1.2966456340869923,-6.732383943084051,-8.582618749087999
-2.1969480672502355,-2.1220863999999136,-2.2373226856512227,-2.122086399999913,-6.740880582142406,-8.336239722546654
4.978751853526184,2.2504997909123663,5.081927509208017,10.999999999999991,-3.1381893015791325,-3.3254528713916836
